{
    "mean": [
        6.902512090240068,
        7.166806722689076,
        5.533403361344538,
        0.0940864148534157,
        11.550227217735344,
        463.4415308951166,
        0.007149074179610192,
        31.996444951566566,
        5.59266388280158,
        0.0034338287060203965,
        19.258351480170713,
        0.00040552584670231726,
        0.097727041462209,
        679.2055800799516,
        8.882257036065505,
        0.5864218120903988,
        1.4225280071905937,
        9.540621768307556,
        181.49927101615418,
        0.06050420168067227,
        0.4909663865546218,
        9.54976810584718,
        48.80138588180088,
        2.483959838547965,
        0.5039915966386554,
        0.48445378151260504,
        180.05042016806723
    ],
    "scale": [
        0.6374547006399048,
        3.308619868348752,
        3.667558459764073,
        0.5752912799422153,
        65.21258068080886,
        747.0006209533362,
        0.04445474983458281,
        162.8039868401325,
        29.624495184338578,
        0.019102185309107313,
        85.2463419827018,
        0.002796994655248717,
        0.6129517873468697,
        337.71749702960335,
        35.71636370334473,
        3.947920957406607,
        6.6870084374896335,
        29.8953898170948,
        215.82910382025787,
        0.23841863026965152,
        0.499918387167465,
        5.673286544870639,
        17.615675099827268,
        1.0968401857801704,
        0.4999840669024107,
        0.49975825665089524,
        105.99985918331346
    ]
}