{
    "Model": "Random Forest Regressor",
    "Mean Squared Error (MSE)": 0.10253010556642808,
    "Root Mean Squared Error (RMSE)": 0.3202032254154041,
    "Mean Absolute Error (MAE)": 0.307077403331516,
    "R\u00b2 Score": 0.8913194756202872,
    "Adjusted R\u00b2 Score": 0.8852883699388381,
    "Mean Absolute Percentage Error (MAPE)": 79.6668566437501,
    "Regression Accuracy (within 10% tolerance)": 41.596638655462186,
    "Training Set Shape": [
        3808,
        50
    ],
    "Testing Set Shape": [
        952,
        50
    ],
    "Number of Features": 50
}